"","scenario","dataset","metal","point_estimate","variance","CI_lower","CI_upper","model_type"
"1",1,316,1,0.0465261637685352,7.32217336804795e-05,0.0332531709843754,0.0676787472724293,"elastic net"
"2",1,316,2,0.00603990321355496,4.97350344549472e-05,-0.00510666048005965,0.0201264448737284,"elastic net"
"3",1,316,3,0.0117870257680044,8.97316878453755e-05,-0.007356015963574,0.0283666282093923,"elastic net"
"4",1,316,4,0.0120312818553623,9.07031330871044e-05,-0.00175037460805799,0.0304297646485543,"elastic net"
"5",1,316,5,0.0785759052366681,9.84913781872637e-05,0.0591377667383638,0.0968423613444508,"elastic net"
"6",1,316,6,0,9.39192511295414e-05,-0.0202845263363982,0.0156192075470425,"elastic net"
"7",1,316,7,0.00213630880980609,6.15182670602527e-05,-0.0102163499287014,0.0175891230865162,"elastic net"
"8",1,316,8,0.00885224870565926,7.09896053075921e-05,-0.00562732101401147,0.0251837368311651,"elastic net"
"9",1,316,9,-0.00688165675805164,9.02388479836184e-05,-0.0242523265350415,0.0129385531095534,"elastic net"
"10",1,316,10,-0.00302029494909628,6.56623230876946e-05,-0.0178318210364068,0.0133560510616648,"elastic net"
"11",1,316,11,0.156046885650442,0.000387699126245118,0.11904321539541,0.189633837465166,"elastic net"
"12",1,317,1,0.0591294464914649,9.42114398804193e-05,0.0415970904148516,0.0788821322058328,"elastic net"
"13",1,317,2,-0.00484386284088312,8.0109230659034e-05,-0.0234350835351161,0.0135082822056058,"elastic net"
"14",1,317,3,-0.0219467908965421,7.37264328459825e-05,-0.0389862974648295,-0.00854721294614031,"elastic net"
"15",1,317,4,0.0236531252845604,9.41022386447125e-05,0.00634002614651782,0.0411607123051604,"elastic net"
"16",1,317,5,0.0709493351764374,7.32898766709968e-05,0.0556696684777808,0.0860396435255165,"elastic net"
"17",1,317,6,0.0111952853072343,8.19998202836238e-05,-0.00560832369434779,0.0295037298351892,"elastic net"
"18",1,317,7,0.0164317531115077,8.11512820868648e-05,-0.00181317304587907,0.0328755362549187,"elastic net"
"19",1,317,8,-0.00391310621690244,6.0136052748831e-05,-0.0201331132079279,0.00962443573298697,"elastic net"
"20",1,317,9,0.00211282016659942,7.95166236709506e-05,-0.0156034607766858,0.0210732957484639,"elastic net"
"21",1,317,10,-0.0139099273981982,7.99247888221176e-05,-0.0310890361313602,0.0032917470946359,"elastic net"
"22",1,317,11,0.138858078185278,0.000381058702864731,0.100001112502156,0.163614419534371,"elastic net"
"23",1,318,1,0.0564652983922094,8.10554395998621e-05,0.0397292759701067,0.0718676679502897,"elastic net"
"24",1,318,2,-0.00892429764874558,6.97236992393879e-05,-0.0241140892998064,0.00776896004438268,"elastic net"
"25",1,318,3,0.000802533248020598,5.75461327735081e-05,-0.0125771108395761,0.017302260768631,"elastic net"
"26",1,318,4,0.00247205647846505,7.5962642273342e-05,-0.0145866903569689,0.0174447141703035,"elastic net"
"27",1,318,5,0.0542944540656363,0.00010492257184395,0.0351562241973855,0.0727895226711209,"elastic net"
"28",1,318,6,-0.0184752039159908,9.92477783536713e-05,-0.0371732981332491,-0.00120441977805467,"elastic net"
"29",1,318,7,-0.00459727924280795,5.52025367449995e-05,-0.0184955128812081,0.00767745930186763,"elastic net"
"30",1,318,8,-0.00616079686279281,7.33566533742143e-05,-0.0245948164541098,0.00828434940306616,"elastic net"
"31",1,318,9,0.000313384430867814,7.60260372605419e-05,-0.0179523779201209,0.0170192181789781,"elastic net"
"32",1,318,10,0.016396194421463,9.28056717458561e-05,-0.000887621519509751,0.0318194529044924,"elastic net"
"33",1,318,11,0.0925863433663241,0.00050914573732389,0.0470667895883295,0.134339156044454,"elastic net"
"34",1,319,1,0.0731844693746975,8.90096250610953e-05,0.0530045596216518,0.0920605336206239,"elastic net"
"35",1,319,2,0.0111041685675699,8.23040194011209e-05,-0.00826296813058485,0.0282365239583589,"elastic net"
"36",1,319,3,0.0106958927095731,9.84252084135446e-05,-0.00740053061985681,0.0299382478387014,"elastic net"
"37",1,319,4,0.00684834914134269,0.000100824651670266,-0.0124150215725576,0.0261755153441592,"elastic net"
"38",1,319,5,0.0719357203918716,0.000105391690622579,0.0512162330270486,0.0902299862727778,"elastic net"
"39",1,319,6,0,8.60644345325433e-05,-0.0147171637630004,0.0207183851037082,"elastic net"
"40",1,319,7,0.00404352963042642,8.14159539487233e-05,-0.0102162841273591,0.0212569057974051,"elastic net"
"41",1,319,8,-0.021230480126418,9.08138405343793e-05,-0.0380162093075779,-0.00215594204320831,"elastic net"
"42",1,319,9,-0.00285068916929188,0.000113889268364273,-0.027492698480125,0.014250990402469,"elastic net"
"43",1,319,10,0.00466738906966668,0.000100039473573686,-0.0156156004230478,0.020424906761436,"elastic net"
"44",1,319,11,0.158398349589438,0.00039796785281493,0.11527034011784,0.191242324471318,"elastic net"
"45",1,320,1,0.0739837757959851,9.18029844829413e-05,0.0568108115493673,0.0928781564185827,"elastic net"
"46",1,320,2,-0.00837240752367396,9.47285955208274e-05,-0.0258744220005547,0.0109243627970271,"elastic net"
"47",1,320,3,-0.00547659716959048,0.000110334163536042,-0.0260944454742723,0.0155045536839612,"elastic net"
"48",1,320,4,0.00139812043763188,9.52759307635072e-05,-0.0170646368833791,0.0203048713443509,"elastic net"
"49",1,320,5,0.0722667869280051,8.52896652325416e-05,0.0536766766304185,0.0906981431040712,"elastic net"
"50",1,320,6,0.00972189622276454,0.000108005840045694,-0.00964866251733083,0.0293344906620214,"elastic net"
"51",1,320,7,-0.0129164333910046,9.72397782312844e-05,-0.0362195273658853,0.0035055473872417,"elastic net"
"52",1,320,8,0.00317058980192209,0.000110628406893174,-0.0135208721370443,0.02706425552351,"elastic net"
"53",1,320,9,-0.0148794749568084,9.62428996720195e-05,-0.0296875307569809,0.00669446691451681,"elastic net"
"54",1,320,10,-0.00286852984024599,9.42142726477589e-05,-0.0191948796122242,0.0127983573978923,"elastic net"
"55",1,320,11,0.116027726304986,0.000372267695840245,0.0838114292037883,0.153128023161775,"elastic net"
"56",2,316,1,0.140900656217835,9.78611457529526e-05,0.126191903788832,0.161502119453771,"elastic net"
"57",2,316,2,0.0144427518021737,7.29897545460817e-05,-5.71520088887611e-05,0.0349903245630362,"elastic net"
"58",2,316,3,0.00536281778003911,9.20128292304166e-05,-0.0115781922527112,0.0244202451103432,"elastic net"
"59",2,316,4,0.0035925638351566,7.24886200170426e-05,-0.0119981885987939,0.0231780811650134,"elastic net"
"60",2,316,5,0.121064853818996,0.000108437024172731,0.105314068213604,0.143670817973756,"elastic net"
"61",2,316,6,-0.000775918135497822,9.03254873861838e-05,-0.0230233661708544,0.0150001850704166,"elastic net"
"62",2,316,7,-0.00418562314898452,9.05025659863023e-05,-0.0231275142299767,0.0147829809608792,"elastic net"
"63",2,316,8,-0.000984152330611554,9.72722556583928e-05,-0.025168429579872,0.0151143744861632,"elastic net"
"64",2,316,9,0.00330735952965622,8.22246445616367e-05,-0.0131070895774112,0.024236779910931,"elastic net"
"65",2,316,10,-0.00519040828505934,8.24905424590663e-05,-0.0218486766133867,0.0111374017294132,"elastic net"
"66",2,316,11,0.277534901083705,0.000357028571549355,0.245397766182694,0.315021629501252,"elastic net"
"67",2,317,1,0.145393477140708,0.000112407525980748,0.12710692162491,0.168534835432977,"elastic net"
"68",2,317,2,0.00304232989087883,5.88793243052827e-05,-0.00906135939708382,0.0159530707564745,"elastic net"
"69",2,317,3,-0.00643392003113741,4.77549735520557e-05,-0.0214383793932816,0.00347412835506722,"elastic net"
"70",2,317,4,0.00898404747338377,7.34168183726746e-05,-0.00940542759165355,0.0222681114425601,"elastic net"
"71",2,317,5,0.133994549976627,9.24325524915625e-05,0.116687719189646,0.150642104430446,"elastic net"
"72",2,317,6,0.0134976244307743,7.14144928614471e-05,0.000597668698093012,0.0322514895445291,"elastic net"
"73",2,317,7,0,7.48446550166758e-05,-0.017270528139793,0.0181727255552007,"elastic net"
"74",2,317,8,0.00110520286972049,6.70091402663808e-05,-0.0130580425685472,0.0207725482642926,"elastic net"
"75",2,317,9,-0.0108633429190546,8.2860230610887e-05,-0.0267290252114466,0.00600184932860358,"elastic net"
"76",2,317,10,0.00555759600230044,9.16315148702272e-05,-0.0132635453056251,0.0244540749532255,"elastic net"
"77",2,317,11,0.294277564834201,0.000340684531857031,0.261873325484647,0.337772701939311,"elastic net"
"78",2,318,1,0.143218384749549,7.65465565860516e-05,0.127712217775862,0.161798006287411,"elastic net"
"79",2,318,2,0.00614559863518283,6.90876196542863e-05,-0.0130801639894634,0.0195478390839526,"elastic net"
"80",2,318,3,0.00330296344559988,8.12762747704835e-05,-0.0145443059692522,0.0207956163987077,"elastic net"
"81",2,318,4,0.00331651087540807,9.17358922153643e-05,-0.0150837722761687,0.0237904561672949,"elastic net"
"82",2,318,5,0.12524659709041,5.40830328866407e-05,0.110146510716035,0.13739502100875,"elastic net"
"83",2,318,6,-0.00841840875532807,9.34157100562459e-05,-0.0285696109767543,0.00813688698690067,"elastic net"
"84",2,318,7,0.00383080765219646,4.93605647930289e-05,-0.0101732548974652,0.0175685029763552,"elastic net"
"85",2,318,8,0,5.25138007276671e-05,-0.0153359407951635,0.0128054532864902,"elastic net"
"86",2,318,9,-0.00319034296320941,8.10112718736255e-05,-0.0209069318924256,0.0141891867446622,"elastic net"
"87",2,318,10,-0.0092158661605688,7.25358943145295e-05,-0.0260879646357535,0.00680210649978921,"elastic net"
"88",2,318,11,0.26423624456924,0.000409095615715724,0.220516105507174,0.303837324281569,"elastic net"
"89",2,319,1,0.117528505733878,8.17297573163739e-05,0.0985357706598279,0.132325318938613,"elastic net"
"90",2,319,2,0.0034613716868872,6.64723751942538e-05,-0.0104368465302671,0.0194385789019781,"elastic net"
"91",2,319,3,0,6.05707624518469e-05,-0.0169365627573094,0.0132483518902382,"elastic net"
"92",2,319,4,0,7.53097311557721e-05,-0.016129052415821,0.0151139150993866,"elastic net"
"93",2,319,5,0.142775644138576,8.35905441485704e-05,0.126537865163042,0.157858124627029,"elastic net"
"94",2,319,6,-0.00762482926935304,7.765747314063e-05,-0.0243767408484028,0.0062756713257891,"elastic net"
"95",2,319,7,0.0241164224742656,9.40302506544565e-05,0.00466430443952804,0.0429066319544816,"elastic net"
"96",2,319,8,0,6.11258639662507e-05,-0.0134210810835223,0.0150231474152398,"elastic net"
"97",2,319,9,-0.00823604325503213,8.11924017870987e-05,-0.0285238878123205,0.00696509854133442,"elastic net"
"98",2,319,10,-0.00443952084040067,8.73281852833097e-05,-0.0218687007105091,0.012081784636433,"elastic net"
"99",2,319,11,0.26758155066882,0.00030948059130207,0.231571102788127,0.298003429413023,"elastic net"
"100",2,320,1,0.122223045995357,7.51813034626114e-05,0.104666111420108,0.140463915430961,"elastic net"
"101",2,320,2,-0.0198895133068331,7.63111967278024e-05,-0.0358558980901951,-0.00255708371619416,"elastic net"
"102",2,320,3,-0.00207955041319252,5.59471722594881e-05,-0.0138348545703323,0.0112509726126473,"elastic net"
"103",2,320,4,0.00266731215653371,7.44998006819954e-05,-0.0147814727728168,0.0187677704001878,"elastic net"
"104",2,320,5,0.136078815516975,6.5747334199384e-05,0.120556711804134,0.150758863133346,"elastic net"
"105",2,320,6,0.00689973007221356,7.2448553619678e-05,-0.00690212786818041,0.0239191865134521,"elastic net"
"106",2,320,7,0.0068283536422542,9.42087173514295e-05,-0.00937195740887665,0.0259902470860244,"elastic net"
"107",2,320,8,0.00541047474769574,6.97291844157823e-05,-0.0125666428532975,0.0187679086160472,"elastic net"
"108",2,320,9,-0.0117194721101499,8.59774408550581e-05,-0.0297905069608929,0.0050583168816594,"elastic net"
"109",2,320,10,0.0152493453303433,7.40987430183781e-05,-0.00213058736360353,0.0300595286196902,"elastic net"
"110",2,320,11,0.261668541631196,0.000343885182996419,0.23031686766245,0.295892853029913,"elastic net"
"111",3,316,1,0.11964636554255,0.000250251967587826,0.0916353510001883,0.15221556530875,"elastic net"
"112",3,316,2,0.013279072667423,0.000188551249986689,-0.00911197075829688,0.042460372739896,"elastic net"
"113",3,316,3,-0.00547559147130716,0.000217536236179135,-0.0407844719542927,0.0166086885707316,"elastic net"
"114",3,316,4,0,0.000192190666858507,-0.0260770237673391,0.0262807551774711,"elastic net"
"115",3,316,5,0.124979400441873,0.000230561688322911,0.0933477995859077,0.156248624094714,"elastic net"
"116",3,316,6,0.0139976876617229,0.000220660092900176,-0.0161055924019726,0.043912307014307,"elastic net"
"117",3,316,7,-0.0211033467237765,0.000210947605947958,-0.0510057759075841,0.000970688185012795,"elastic net"
"118",3,316,8,0.0157536164824696,0.000195825167306365,-0.0062144238976796,0.0462490118702703,"elastic net"
"119",3,316,9,0.00389520895074913,0.000188530106261364,-0.0217306979226977,0.0329064023977154,"elastic net"
"120",3,316,10,-0.000495605055549575,0.000220087759835406,-0.0292889463910772,0.0219190777978297,"elastic net"
"121",3,316,11,0.264476808496156,0.000194620408183568,0.237184120897172,0.291426813386549,"elastic net"
"122",3,317,1,0.137353834334635,0.000245192937493135,0.113330088810617,0.169434645533636,"elastic net"
"123",3,317,2,0.0103872838674506,0.000212220853124238,-0.0192657978323931,0.0411515285584867,"elastic net"
"124",3,317,3,0.0113008158411532,0.000217941263686643,-0.0165849226704946,0.0434638388033682,"elastic net"
"125",3,317,4,-0.0159503279771691,0.00025485133072528,-0.0520604744848574,0.0077895040686078,"elastic net"
"126",3,317,5,0.135697917922914,0.000207754998034837,0.105801536655394,0.159593641902756,"elastic net"
"127",3,317,6,0.00694938076718898,0.000244161146367223,-0.021192451799278,0.0365305407420556,"elastic net"
"128",3,317,7,0.0023759969793935,0.000193562213107533,-0.022794638154432,0.0294091829525396,"elastic net"
"129",3,317,8,0.0185651580046513,0.000188144621343441,-0.00454690438281277,0.0451309807012998,"elastic net"
"130",3,317,9,-0.0224895608566174,0.000250093788093083,-0.0575009663924354,0.00380433042890749,"elastic net"
"131",3,317,10,-0.00693011437764479,0.000274348651762749,-0.0402274624842959,0.0217509667482255,"elastic net"
"132",3,317,11,0.277260384505954,0.000142238517367576,0.255463594462721,0.294886234529205,"elastic net"
"133",3,318,1,0.13098082624149,0.000187951903436037,0.105064502625514,0.157495079556165,"elastic net"
"134",3,318,2,-0.0287091646931366,0.000239849670912552,-0.0560282745025067,0.000542137135546962,"elastic net"
"135",3,318,3,-0.00936404134231994,0.000144460831389382,-0.0352231800578223,0.0109780432696067,"elastic net"
"136",3,318,4,0.0153232068798168,0.000244425501136888,-0.0108445207705186,0.0471904865029298,"elastic net"
"137",3,318,5,0.129146195971934,0.000227676925017271,0.099891674296255,0.158795443246636,"elastic net"
"138",3,318,6,0.00732082305426029,0.000212476007599847,-0.0264328577891735,0.0292356431181903,"elastic net"
"139",3,318,7,-0.00896324371495938,0.000206117061063537,-0.038148824045496,0.0207039405359217,"elastic net"
"140",3,318,8,0.0187129169596805,0.000159928177761578,-0.00610454559183526,0.0406219226472668,"elastic net"
"141",3,318,9,0.00189808962700422,0.00015275960919078,-0.023609669680081,0.0229269751841852,"elastic net"
"142",3,318,10,9.54772941414994e-05,0.000186074798983222,-0.0215915772645397,0.0332534109277681,"elastic net"
"143",3,318,11,0.256441086277911,0.000174410846565146,0.230521395541214,0.283275144646523,"elastic net"
"144",3,319,1,0.105903898028554,0.000225707742677854,0.073590615739296,0.129568680274576,"elastic net"
"145",3,319,2,0.00355779695882763,0.000206826964818956,-0.0233022848907084,0.0329167151942464,"elastic net"
"146",3,319,3,0.0102117643802728,0.00017332433399057,-0.0135584776175236,0.0343005173365633,"elastic net"
"147",3,319,4,0.00228180604513462,0.000186290816439676,-0.0229767832223871,0.0289625367772341,"elastic net"
"148",3,319,5,0.152594165274345,0.00021847130964524,0.12203015644407,0.181053059124926,"elastic net"
"149",3,319,6,-0.000950171398488742,0.000105823358942293,-0.0213746660434334,0.0171175654637598,"elastic net"
"150",3,319,7,-0.0133720481738235,0.000261993650463456,-0.050522302909828,0.0120174440326796,"elastic net"
"151",3,319,8,-0.014198099900522,0.000170356350897529,-0.0397870601621236,0.00997640125426867,"elastic net"
"152",3,319,9,0.00873194375708541,0.000162561690008462,-0.0162103513994813,0.0300441239324068,"elastic net"
"153",3,319,10,0.00993755278133435,0.000183281918996993,-0.0129467097842118,0.0425906918177623,"elastic net"
"154",3,319,11,0.264698607752719,0.000104422029533976,0.247278356667318,0.286556896256161,"elastic net"
"155",3,320,1,0.130513685224181,0.000194611998682445,0.106396454928181,0.161249496286797,"elastic net"
"156",3,320,2,0.00508226416866542,0.000158461830221701,-0.0168381965587251,0.0333225950627945,"elastic net"
"157",3,320,3,-0.0233919935303311,0.000264622404114887,-0.0571802221758047,0.00104760486306985,"elastic net"
"158",3,320,4,-0.0260720870320108,0.0001949376876427,-0.0511574118432787,-0.000824977337470869,"elastic net"
"159",3,320,5,0.151491750533943,0.000197186680747617,0.123689758703032,0.179703901598357,"elastic net"
"160",3,320,6,0.000974182318370875,0.000206622031875227,-0.0289676476037523,0.03080287167908,"elastic net"
"161",3,320,7,0.0157253644346582,0.000228252212327408,-0.014463888035479,0.0422872256722249,"elastic net"
"162",3,320,8,0.00851971489832959,0.000228310251278458,-0.0167284969690996,0.0417118532764006,"elastic net"
"163",3,320,9,0.000678953830866913,0.000169811154194519,-0.0256798601453406,0.0258796690647636,"elastic net"
"164",3,320,10,0,0.000198020484225275,-0.0272066222393178,0.0298617498635743,"elastic net"
"165",3,320,11,0.263521834846673,0.000121570671856759,0.242597841408519,0.285371329768199,"elastic net"
"166",4,316,1,0.135425787072786,0.000134154806425492,0.113970241649231,0.153718112267983,"elastic net"
"167",4,316,2,0.000757475095749971,9.41558654658534e-05,-0.0143555295247165,0.0190760863687894,"elastic net"
"168",4,316,3,-0.00182711687243442,8.97046807673004e-05,-0.0204863539293722,0.0150214744311937,"elastic net"
"169",4,316,4,-0.0110442133630673,7.66074941493978e-05,-0.0269952684667969,0.00442364172944136,"elastic net"
"170",4,316,5,0.132317162058778,0.000109017208829393,0.113060628353704,0.152672279540077,"elastic net"
"171",4,316,6,0.0141376646160016,8.767955601446e-05,-0.00210088541735317,0.0310378801645323,"elastic net"
"172",4,316,7,0.00396504507471596,7.96685537606423e-05,-0.0113010700119125,0.0208643333124502,"elastic net"
"173",4,316,8,0,0.000113559659198634,-0.0193566137160981,0.0155169756010066,"elastic net"
"174",4,316,9,-0.00846033101158916,0.000105176163735203,-0.0283130816616031,0.0113722462417844,"elastic net"
"175",4,316,10,0.000990598565477008,9.00975950577937e-05,-0.014909737811455,0.0251293292158198,"elastic net"
"176",4,316,11,0.266262071236418,0.000601810210724621,0.222748281323741,0.310504497045008,"elastic net"
"177",4,317,1,0.13395496656958,0.000106726173872175,0.112428803583056,0.149402074782456,"elastic net"
"178",4,317,2,-0.00541998500715213,9.11261036378994e-05,-0.0238098928987135,0.0132979289565451,"elastic net"
"179",4,317,3,0.00612410415962783,8.67881471600697e-05,-0.00814658168761294,0.0290720842639852,"elastic net"
"180",4,317,4,0.0106484491471237,5.37114840918133e-05,-0.00179063677554628,0.0235585692231226,"elastic net"
"181",4,317,5,0.114463526889508,8.78344512115257e-05,0.0946509895550618,0.131671140118693,"elastic net"
"182",4,317,6,0.00384586601800407,7.0098271825066e-05,-0.0114734733001444,0.0222215802476778,"elastic net"
"183",4,317,7,0.00556947027892862,7.89823467270741e-05,-0.0101288397184175,0.0256785754314505,"elastic net"
"184",4,317,8,-0.0036257180106638,8.48226027775706e-05,-0.0202688463848402,0.0166638253423261,"elastic net"
"185",4,317,9,0.0118493253147798,8.31185799724033e-05,-0.00585790364001187,0.0306843991197404,"elastic net"
"186",4,317,10,-0.00274612017092934,8.30415045959001e-05,-0.021785553385755,0.0117038257837636,"elastic net"
"187",4,317,11,0.274663885188806,0.000405810017404791,0.241214945238088,0.320398697195131,"elastic net"
"188",4,318,1,0.131061763012394,8.40710216673365e-05,0.114298358205497,0.150717220574455,"elastic net"
"189",4,318,2,-0.00435938455745033,8.35188776498306e-05,-0.0244585117513621,0.0117542607869299,"elastic net"
"190",4,318,3,-0.0131356284424102,0.000101823336726585,-0.0335587281949285,0.00176445603626531,"elastic net"
"191",4,318,4,-0.005773144845588,8.51834651251185e-05,-0.022455610139091,0.0121310755808033,"elastic net"
"192",4,318,5,0.126210931309795,9.42476922909062e-05,0.105210225028427,0.143371103078459,"elastic net"
"193",4,318,6,0.00226649259596279,8.55694667799973e-05,-0.0126544436251092,0.0250149149267285,"elastic net"
"194",4,318,7,0.00108912357985824,6.87377987244069e-05,-0.0133096882407579,0.020029281864617,"elastic net"
"195",4,318,8,0.0156446739137923,7.44277387353485e-05,-0.00115707810375335,0.0311312121202944,"elastic net"
"196",4,318,9,0.0156434378812076,0.000122779860384604,-0.00355321497400886,0.0391911049337866,"elastic net"
"197",4,318,10,-0.00390341459745702,9.33317039333302e-05,-0.0229713785826173,0.0134188484456669,"elastic net"
"198",4,318,11,0.264744849850105,0.000416196964299532,0.221972531994211,0.292975762548432,"elastic net"
"199",4,319,1,0.135680017625041,0.000100783070746772,0.118189750971224,0.155710351344015,"elastic net"
"200",4,319,2,0.00239119289059397,7.5609655200708e-05,-0.0147158155553303,0.020769339391206,"elastic net"
"201",4,319,3,0.0115425509794771,0.000101784015518065,-0.00847252438519169,0.0291103419347187,"elastic net"
"202",4,319,4,-0.00126712272859741,8.46941778035385e-05,-0.0198204125305191,0.0147891457562441,"elastic net"
"203",4,319,5,0.122246209233562,8.83673552248741e-05,0.102701794487395,0.13944099228071,"elastic net"
"204",4,319,6,-5.52488228073855e-05,0.000105094016755104,-0.0183295123048469,0.0194271222492122,"elastic net"
"205",4,319,7,-0.0139038918437584,8.46577740616151e-05,-0.0291130862779611,0.00355932647367514,"elastic net"
"206",4,319,8,-0.00308364274436101,6.60513373393583e-05,-0.0190979785024019,0.0127733991281412,"elastic net"
"207",4,319,9,0,8.29586322470181e-05,-0.0202620760487005,0.0146805256177559,"elastic net"
"208",4,319,10,-0.00981504907931452,7.90136196631379e-05,-0.0236855174966411,0.0098072983316363,"elastic net"
"209",4,319,11,0.243735015509835,0.000351248923711369,0.208853585594003,0.279347474927056,"elastic net"
"210",4,320,1,0.131957849306481,7.38791865687402e-05,0.115290016293816,0.146533490046529,"elastic net"
"211",4,320,2,0.00193651494521729,9.96249418362328e-05,-0.0176687675795581,0.0205800393618465,"elastic net"
"212",4,320,3,-0.00990457371415099,8.70370570110592e-05,-0.0260003897680446,0.00628362445072795,"elastic net"
"213",4,320,4,0.0107862903989857,0.000105112705708496,-0.0121660404238124,0.0299699815413661,"elastic net"
"214",4,320,5,0.127667978960763,0.00012933460759803,0.108164043667705,0.150518758003323,"elastic net"
"215",4,320,6,-0.00258996382488652,8.67408590602503e-05,-0.0244238935337035,0.0168249487456463,"elastic net"
"216",4,320,7,0.0144075857505355,6.4701104664735e-05,0.000635869770304687,0.0291887271647365,"elastic net"
"217",4,320,8,-0.00399665092007195,9.64910372770137e-05,-0.024823145241679,0.0143133713985559,"elastic net"
"218",4,320,9,0.00409811126774118,8.80688164034347e-05,-0.0143155085348773,0.0233583622115606,"elastic net"
"219",4,320,10,-0.00988228338709618,0.000104643811169021,-0.0326380061814962,0.00492226307371688,"elastic net"
"220",4,320,11,0.264480858783518,0.000348794727027649,0.231916037422458,0.298295530736067,"elastic net"
"221",5,316,1,0.107895400698019,0.000240273453447349,0.0735249527088853,0.139490374587029,"elastic net"
"222",5,316,2,0.0161836077739208,0.00025224216768092,-0.0131548765571414,0.0474263065815717,"elastic net"
"223",5,316,3,-0.00346000030643401,0.000274606810086363,-0.0373619710188202,0.0235040677141738,"elastic net"
"224",5,316,4,0.000125876817311799,0.00031865834207771,-0.0341215958735745,0.0349240192453959,"elastic net"
"225",5,316,5,0.119846143144066,0.000181532452295763,0.0917488811263398,0.142371840923609,"elastic net"
"226",5,316,6,0.016251667448675,0.000274488952282254,-0.017939164556858,0.0468870818075902,"elastic net"
"227",5,316,7,-0.0141316274381778,0.000208175038447707,-0.0471324244329025,0.00874043970185319,"elastic net"
"228",5,316,8,-0.00412217978816409,0.00023144418864512,-0.037366252076172,0.0180489174904023,"elastic net"
"229",5,316,9,0.0034237224930953,0.000234275730755661,-0.0207563390804922,0.037779730949062,"elastic net"
"230",5,316,10,0.00570548722175079,0.000189251275121081,-0.0157482529509472,0.0338686528151916,"elastic net"
"231",5,316,11,0.247718098064063,0.000133073064600029,0.224521097923618,0.270407191468257,"elastic net"
"232",5,317,1,0.1250074250836,0.000241658168244036,0.0963069430607867,0.157968890004252,"elastic net"
"233",5,317,2,0.00200750514330217,0.000183345179123414,-0.0240121016707626,0.0296485312518324,"elastic net"
"234",5,317,3,-0.0270959782787199,0.000202814716675486,-0.0535143703342442,-0.00059412594932432,"elastic net"
"235",5,317,4,0,0.000181385530976663,-0.0240962214455126,0.0253408286927803,"elastic net"
"236",5,317,5,0.146467754849938,0.000206958561718279,0.119278497487847,0.176886132492877,"elastic net"
"237",5,317,6,-0.00881577852549897,0.000220011989578989,-0.0379527481818525,0.0151614870910181,"elastic net"
"238",5,317,7,-0.029809745074477,0.000285868637191842,-0.0629190730875787,-0.00230567008991519,"elastic net"
"239",5,317,8,0.0186453317066038,0.000171527427264218,-0.00580713716733958,0.0428178407225144,"elastic net"
"240",5,317,9,0.00803511152513048,0.00025567050643809,-0.0206103677251295,0.0381337841424874,"elastic net"
"241",5,317,10,0.018960292874397,0.000348136091852011,-0.0141836709090591,0.0608535471267368,"elastic net"
"242",5,317,11,0.253401919304275,0.000141424686288311,0.231270447878555,0.274218102854411,"elastic net"
"243",5,318,1,0.138901409433099,0.00022572863935611,0.106229478860439,0.160754217363263,"elastic net"
"244",5,318,2,0.00703805940996904,0.00016539865249185,-0.0151608604758737,0.0358526613515976,"elastic net"
"245",5,318,3,0.00829534820795441,0.000192606566243466,-0.0166912593030546,0.0362944283073305,"elastic net"
"246",5,318,4,-0.00771220166227948,0.000206703066937195,-0.0382948597719165,0.0117781094293486,"elastic net"
"247",5,318,5,0.123821963056791,0.000264908268027241,0.0936466435683687,0.154223666786855,"elastic net"
"248",5,318,6,0,0.000162879918044191,-0.0269376987452216,0.027362181445564,"elastic net"
"249",5,318,7,0,0.000195442649950635,-0.0248943995536813,0.0322787026809582,"elastic net"
"250",5,318,8,0.00791210728603353,0.00020283674386057,-0.0133726382157217,0.0375064369087452,"elastic net"
"251",5,318,9,-0.00463215703027409,0.000246061058186389,-0.0357403225898876,0.025961481596549,"elastic net"
"252",5,318,10,-0.00477279963635224,0.000270496475906189,-0.0379491723467424,0.0259512135745724,"elastic net"
"253",5,318,11,0.268851729064941,0.000110711894950766,0.249970893376171,0.287926030408937,"elastic net"
"254",5,319,1,0.146859673708392,0.000208401590410595,0.116736526503405,0.170398863698154,"elastic net"
"255",5,319,2,0.0252936109921094,0.000286491828884328,-0.00690540185157638,0.0554124947968495,"elastic net"
"256",5,319,3,0.0254158877875845,0.000185093133939326,0.00482883616937202,0.0549955432049395,"elastic net"
"257",5,319,4,0.00702171021192388,0.000174977773850251,-0.0158755217238093,0.0349855601212734,"elastic net"
"258",5,319,5,0.128003831678017,0.000314407249557172,0.0826628504906732,0.156911176914154,"elastic net"
"259",5,319,6,-0.01222883573221,0.000194511510998368,-0.0385129565404306,0.0134426622355954,"elastic net"
"260",5,319,7,-0.0271912440712838,0.000226729476728575,-0.0559510330626639,0.00327510383767039,"elastic net"
"261",5,319,8,-0.00295625448818937,0.00023654805614962,-0.0343613272631972,0.0316582618147129,"elastic net"
"262",5,319,9,0,0.000263731116235326,-0.0266043835969376,0.031330036716755,"elastic net"
"263",5,319,10,-0.0112829643749564,0.000175016485554962,-0.0390865887914694,0.0121547040203636,"elastic net"
"264",5,319,11,0.278935415711387,0.000126188058928577,0.259113561547077,0.301290745747503,"elastic net"
"265",5,320,1,0.158831816648521,0.000236825208283741,0.130914231226398,0.191174550997417,"elastic net"
"266",5,320,2,0.00744562968798768,0.000196178222266482,-0.0151760021957771,0.0409848049254347,"elastic net"
"267",5,320,3,0.00135597068377136,0.000241474776845792,-0.0281847298797955,0.0330871523896803,"elastic net"
"268",5,320,4,-0.0183073992271976,0.000167238979734328,-0.0432734136955284,0.00330246820968089,"elastic net"
"269",5,320,5,0.11076342575221,0.000226911299306453,0.0787971252355767,0.136695507899837,"elastic net"
"270",5,320,6,0.00750249032102746,0.000209920834476427,-0.0259467388425096,0.0334698106737383,"elastic net"
"271",5,320,7,-0.00508741161247528,0.00017669437817657,-0.0280501195076377,0.0186765072782217,"elastic net"
"272",5,320,8,0.0161905335316246,0.000159038755943985,-0.00899803770306669,0.0412512454357487,"elastic net"
"273",5,320,9,-0.00980181947662073,0.000239924772691036,-0.0381505244419048,0.0238883738691759,"elastic net"
"274",5,320,10,-0.00912106714739291,0.0001812243306135,-0.0354519751144173,0.0140399798152002,"elastic net"
"275",5,320,11,0.259772169161456,0.000112453932807487,0.236278614535493,0.273553853785728,"elastic net"
"276",6,316,1,0.204993970043438,0.000115538113354615,0.188573129186961,0.227116362229649,"elastic net"
"277",6,316,2,0.0176444921005512,9.10579837005562e-05,9.12588419118565e-06,0.0358546961612063,"elastic net"
"278",6,316,3,-0.00270661173836473,7.52335911479345e-05,-0.0215588113695526,0.0124959506155734,"elastic net"
"279",6,316,4,0.00947669856219058,6.75221428056256e-05,-0.00620487001821728,0.0236866148872816,"elastic net"
"280",6,316,5,0.139172343589518,7.50000230295869e-05,0.121833407239614,0.154626669846552,"elastic net"
"281",6,316,6,-0.0203004294768192,6.49285809947771e-05,-0.0356426525356534,-0.00366815294390694,"elastic net"
"282",6,316,7,-0.00333345194269263,5.77904659676288e-05,-0.0186306789023904,0.00951743240325988,"elastic net"
"283",6,316,8,0.00442954913820071,8.90075832793413e-05,-0.0106404725421859,0.0260451683199552,"elastic net"
"284",6,316,9,0.00887541099015721,6.65380338510886e-05,-0.00288773772130686,0.0290047126567346,"elastic net"
"285",6,316,10,0.0155721184368938,6.80215434254425e-05,0,0.0334492753802679,"elastic net"
"286",6,316,11,0.373824089703072,0.000401966787665319,0.340112324887933,0.411945841599394,"elastic net"
"287",6,317,1,0.211236899919502,8.92310591870605e-05,0.194638246682245,0.229494302812657,"elastic net"
"288",6,317,2,0.00418441038971995,7.54460788006297e-05,-0.0128423892456709,0.0209127387705327,"elastic net"
"289",6,317,3,-0.00611527519701838,7.67110679882406e-05,-0.0207477041474255,0.00976200295662746,"elastic net"
"290",6,317,4,0.00576702351918712,6.29744555191476e-05,-0.00780314340575409,0.0208182364181134,"elastic net"
"291",6,317,5,0.146570148436002,8.29015297940492e-05,0.130314181675735,0.161955439657878,"elastic net"
"292",6,317,6,0.00469877209577518,6.43889823154968e-05,-0.00949602025951114,0.0202991038175429,"elastic net"
"293",6,317,7,0.00033146263376338,7.7039782947993e-05,-0.0157155665100317,0.0170109122176199,"elastic net"
"294",6,317,8,-0.008316906335609,6.23405025957672e-05,-0.02240145895075,0.00540830016954015,"elastic net"
"295",6,317,9,0,5.29469062560443e-05,-0.0136169733618158,0.0134995037464873,"elastic net"
"296",6,317,10,0.0098665682477721,7.33457738602208e-05,-0.00340624359221316,0.0280293810329179,"elastic net"
"297",6,317,11,0.368223103709094,0.00045039613533658,0.330812642254119,0.404233460243405,"elastic net"
"298",6,318,1,0.21284136288399,0.00010052114503374,0.196322108216615,0.233438274238575,"elastic net"
"299",6,318,2,-0.00695985776526076,5.56315713266765e-05,-0.0255947205066402,0.00539068876231243,"elastic net"
"300",6,318,3,0.00266816530389624,0.000117175333866964,-0.0189270456936128,0.0274284096622936,"elastic net"
"301",6,318,4,0.000272269565460448,7.6299235669301e-05,-0.0169814592210753,0.0178773778849448,"elastic net"
"302",6,318,5,0.141297739961737,6.76503994289505e-05,0.1262749157212,0.155893118259992,"elastic net"
"303",6,318,6,0,8.63350813868796e-05,-0.0191625941126701,0.0186430297047654,"elastic net"
"304",6,318,7,0.00657834305320781,9.05713633351191e-05,-0.0115539004927642,0.0245063641891863,"elastic net"
"305",6,318,8,-0.0121965280981282,9.15064630612613e-05,-0.0347278021502017,0.00181839255555738,"elastic net"
"306",6,318,9,0.0125631911954494,8.18131621727454e-05,-0.00598279508400428,0.0298682208331456,"elastic net"
"307",6,318,10,-0.00818223707052201,8.9651238493271e-05,-0.0254439533318088,0.00834081706821959,"elastic net"
"308",6,318,11,0.348882449029829,0.000413091074290856,0.310170665786585,0.384122220689562,"elastic net"
"309",6,319,1,0.189073596356848,9.89537881447733e-05,0.168151019571679,0.204782355191918,"elastic net"
"310",6,319,2,0.00174658496571389,7.12922904415372e-05,-0.0151885513068432,0.0166865281193038,"elastic net"
"311",6,319,3,0,8.10371888257889e-05,-0.0194597348302669,0.0139425213771824,"elastic net"
"312",6,319,4,-0.00888767518639622,8.83507535607846e-05,-0.0287721628936993,0.00679112702712942,"elastic net"
"313",6,319,5,0.117312063313769,0.000103127273729583,0.0998924650534863,0.137036319851964,"elastic net"
"314",6,319,6,0.00487274055166775,6.18295779888977e-05,-0.00733090904034216,0.0185727666132686,"elastic net"
"315",6,319,7,-0.00718952876254297,6.41430208952204e-05,-0.0258117490652369,0.00539264002952958,"elastic net"
"316",6,319,8,0.00790213215692104,9.40052560746504e-05,-0.00649906016001331,0.0290143849428557,"elastic net"
"317",6,319,9,-0.00872053089368041,6.12493780919511e-05,-0.0261486561902086,0.00421894263420093,"elastic net"
"318",6,319,10,0.0110635616526529,9.8089479426556e-05,-0.00565832556521379,0.0330035064985864,"elastic net"
"319",6,319,11,0.307172944154952,0.000388801401419454,0.264785639173817,0.336487443254039,"elastic net"
"320",6,320,1,0.195379663539136,7.83400193380006e-05,0.179939223880729,0.211128951161246,"elastic net"
"321",6,320,2,0.00903409534760069,8.00834072157076e-05,-0.0030575266109779,0.0285558258500284,"elastic net"
"322",6,320,3,0.016725809044015,9.51300504756914e-05,0,0.0357030899015296,"elastic net"
"323",6,320,4,0.00851294566221039,6.23000923384811e-05,-0.00596272141359783,0.0233897707322512,"elastic net"
"324",6,320,5,0.127278223137261,0.000105368258182056,0.107092461273818,0.147277053170848,"elastic net"
"325",6,320,6,0.00389651339859753,8.38712001222232e-05,-0.0152147878219107,0.0200928965736636,"elastic net"
"326",6,320,7,-0.00690709825960045,8.83231455584952e-05,-0.0215369643669114,0.0089346517786593,"elastic net"
"327",6,320,8,-0.00342699392338819,8.46673584030024e-05,-0.020370003398326,0.0162029055572521,"elastic net"
"328",6,320,9,-0.00372834460021787,6.84447749670783e-05,-0.0211039509545082,0.00967057749421931,"elastic net"
"329",6,320,10,-0.00595619605994369,7.53346129121038e-05,-0.0263185468067667,0.00938255208826924,"elastic net"
"330",6,320,11,0.340808617285671,0.000473364654723993,0.295856540701331,0.381965971614871,"elastic net"
"331",7,316,1,0.285154080623973,0.000164901893741549,0.260134062386115,0.306673485539406,"elastic net"
"332",7,316,2,-0.0234667131660924,8.74728382510051e-05,-0.0401110748127024,-0.00470728466983439,"elastic net"
"333",7,316,3,-0.00953933935694984,8.62211816969896e-05,-0.025789944648058,0.0100229338072601,"elastic net"
"334",7,316,4,-0.00722319643441782,8.44745599862762e-05,-0.026701288927421,0.00786010568122015,"elastic net"
"335",7,316,5,0.137900846723735,9.61175609025908e-05,0.118908797742495,0.156093425331351,"elastic net"
"336",7,316,6,-0.0121313635327631,9.66556914496389e-05,-0.0319834609872513,0.0107885530368939,"elastic net"
"337",7,316,7,0.00510078942124004,6.90011536375739e-05,-0.00997915696844245,0.0223021938665306,"elastic net"
"338",7,316,8,0.0202720369875884,9.59933720425164e-05,-0.000578413342451123,0.0370893224229298,"elastic net"
"339",7,316,9,0,9.1356986456272e-05,-0.017990977482068,0.0182168516114574,"elastic net"
"340",7,316,10,0.00962304735693387,7.18099440458727e-05,-0.00748803181193182,0.0248721076607744,"elastic net"
"341",7,316,11,0.405690188623247,0.000520912719291272,0.360936826263938,0.447996212682964,"elastic net"
"342",7,317,1,0.279811095181965,0.000107937384413669,0.261626682278746,0.299184457122668,"elastic net"
"343",7,317,2,0.0118905484794753,8.78258361548278e-05,-0.004158518268296,0.0284176256012885,"elastic net"
"344",7,317,3,0.00562018470491132,9.04154324498437e-05,-0.0155048796701391,0.0246539113137687,"elastic net"
"345",7,317,4,0.000648061784124465,8.90818260690024e-05,-0.0206804786202727,0.020519999181394,"elastic net"
"346",7,317,5,0.144045343921936,8.0807706283145e-05,0.128794811668729,0.160262571715611,"elastic net"
"347",7,317,6,0.0099365052767606,6.66748621923959e-05,-0.00168388706821385,0.028380495231857,"elastic net"
"348",7,317,7,0.019954147491636,9.16130781726783e-05,0.000855814878181494,0.0386194043689995,"elastic net"
"349",7,317,8,-0.00745530009930206,0.000127203515005693,-0.0285005814070241,0.0117918171492236,"elastic net"
"350",7,317,9,0.00592346431604085,9.07363773118315e-05,-0.0103122354353424,0.0261011647468601,"elastic net"
"351",7,317,10,0.000882827569824052,8.66996516819839e-05,-0.0223620566909355,0.0179076248859274,"elastic net"
"352",7,317,11,0.471256878627372,0.000637985930711988,0.430503614747092,0.522482735959414,"elastic net"
"353",7,318,1,0.279625435766501,0.000113159351322012,0.25553950373186,0.296157336896807,"elastic net"
"354",7,318,2,-0.00519268813187157,6.66551905628939e-05,-0.0215596389045973,0.0104075734474751,"elastic net"
"355",7,318,3,-0.00189073023930542,0.000101228722598731,-0.0199667083794172,0.0162499339362689,"elastic net"
"356",7,318,4,0.00134027678974613,5.30549695799212e-05,-0.0124623049310619,0.0150881145483431,"elastic net"
"357",7,318,5,0.137521621905587,6.80743018963278e-05,0.120897739641253,0.154558485758892,"elastic net"
"358",7,318,6,0.00760675093414065,7.27025130830702e-05,-0.00810559198392394,0.0256979137318309,"elastic net"
"359",7,318,7,0.00285168359377819,9.3283692959283e-05,-0.0171691814507507,0.022961695466791,"elastic net"
"360",7,318,8,0.000781546600794769,7.45200740797762e-05,-0.0153715716739517,0.0203701899326199,"elastic net"
"361",7,318,9,-0.0168416417708519,7.38211569635917e-05,-0.0332715204477891,0,"elastic net"
"362",7,318,10,0.00686120301091941,6.84979620728667e-05,-0.00955604106987729,0.0208464843203113,"elastic net"
"363",7,318,11,0.412663458459438,0.00049590231341497,0.37682598637235,0.458738996106089,"elastic net"
"364",7,319,1,0.298432526667014,7.96861785064756e-05,0.2815463772892,0.314540005845425,"elastic net"
"365",7,319,2,0,9.30017728741028e-05,-0.0150717705470315,0.0195992952720168,"elastic net"
"366",7,319,3,-0.0118718370219209,9.48188979982173e-05,-0.0324892670697708,0.00602797212656017,"elastic net"
"367",7,319,4,0.00322045389978864,7.17639445679863e-05,-0.010233531512568,0.0196106784960279,"elastic net"
"368",7,319,5,0.156238595586135,0.00010072715919455,0.138042334289622,0.173374755837316,"elastic net"
"369",7,319,6,0.00251818220585465,9.4121499935463e-05,-0.0148545861075359,0.0237315882359307,"elastic net"
"370",7,319,7,-0.00137487524250091,0.000104766319457876,-0.0228435574948068,0.0210723743340789,"elastic net"
"371",7,319,8,-0.00493358722967319,9.48021007668582e-05,-0.0250305947247376,0.0134100734964575,"elastic net"
"372",7,319,9,0.00193611906590352,6.67746203722172e-05,-0.0159293141401155,0.0167295143502358,"elastic net"
"373",7,319,10,-0.00341329419928815,8.01358249102587e-05,-0.0217416594910208,0.0102902846163181,"elastic net"
"374",7,319,11,0.440752283731312,0.00063481482431787,0.383837742379436,0.482499362848294,"elastic net"
"375",7,320,1,0.291238212506765,9.54687178643532e-05,0.271486927432976,0.308294667443697,"elastic net"
"376",7,320,2,-0.00380173417734442,6.48343157330357e-05,-0.018681756409354,0.0102270788729663,"elastic net"
"377",7,320,3,0.0167708124826995,0.000111398157330564,-0.0016849097762778,0.0364621519859211,"elastic net"
"378",7,320,4,0.000267254931749061,9.35862351633287e-05,-0.0176685509550265,0.0219332513929598,"elastic net"
"379",7,320,5,0.140141863494104,7.76468537475931e-05,0.122992161967707,0.15608503104261,"elastic net"
"380",7,320,6,-0.0124336457410537,7.86843574516412e-05,-0.0286883433256119,0.00404625157523843,"elastic net"
"381",7,320,7,0,8.06961376828023e-05,-0.0173457860778646,0.0176720821820713,"elastic net"
"382",7,320,8,0.013972899402535,8.30139083255342e-05,-0.00191616699201271,0.0333407989075711,"elastic net"
"383",7,320,9,-0.0021390233941041,6.84964297503138e-05,-0.0192485077911294,0.0128373619756893,"elastic net"
"384",7,320,10,0.00412169257170136,9.48488404164031e-05,-0.0133593436255158,0.0241699783121165,"elastic net"
"385",7,320,11,0.44813833207705,0.000438962301155166,0.409853473857563,0.48785409553168,"elastic net"
"386",8,316,1,0.0865289533913067,0.000115293467047108,0.0652867420734195,0.107893048191021,"elastic net"
"387",8,316,2,-0.00768021381609296,0.000108444808714717,-0.0321914782501797,0.00778627465210473,"elastic net"
"388",8,316,3,-0.00713597302430102,8.75753271109496e-05,-0.0310689153237276,0.00651404687192073,"elastic net"
"389",8,316,4,-0.0102461841620847,9.88339059190649e-05,-0.0299240798933082,0.00782790849174673,"elastic net"
"390",8,316,5,0.18364107422281,0.000100656897508247,0.165090638231664,0.204671302344018,"elastic net"
"391",8,316,6,0.0196505067502617,8.59359117919775e-05,0.00289945214586989,0.037108501841901,"elastic net"
"392",8,316,7,-0.00050024270529514,7.91362450601384e-05,-0.0213034897784181,0.0160902500720888,"elastic net"
"393",8,316,8,0.000342907098023648,0.000120693598739271,-0.0199245079936707,0.0191374231726306,"elastic net"
"394",8,316,9,0.0110311973063331,0.000117907137571753,-0.00906823204912781,0.0318349633906015,"elastic net"
"395",8,316,10,0.0025396538619038,8.10851406275726e-05,-0.0117178487023488,0.0208982177895072,"elastic net"
"396",8,316,11,0.278171678922865,0.000535374487679865,0.230611369245444,0.322360545513096,"elastic net"
"397",8,317,1,0.0999235524938173,0.00010516712284395,0.0801337531609211,0.120009063497295,"elastic net"
"398",8,317,2,0.00664924045166515,7.09039251561607e-05,-0.00913089113090401,0.027295177601412,"elastic net"
"399",8,317,3,0.00539645077309547,7.58809504393508e-05,-0.0121614365567022,0.0198427634549224,"elastic net"
"400",8,317,4,0.00653919868133812,8.06061551791793e-05,-0.00832363223861703,0.0233858800125682,"elastic net"
"401",8,317,5,0.179168820714347,0.000124280889055885,0.156144339479183,0.200053948982028,"elastic net"
"402",8,317,6,0,8.32529310889883e-05,-0.0151683969351962,0.0192264321109277,"elastic net"
"403",8,317,7,-0.00244046914953522,6.48679368062993e-05,-0.0177855492341358,0.00908735453621454,"elastic net"
"404",8,317,8,0.00833142548568899,0.000100307324944884,-0.00739014359183764,0.0282610686249053,"elastic net"
"405",8,317,9,0,7.05359703878195e-05,-0.0144744174954834,0.0191697985209511,"elastic net"
"406",8,317,10,0.00406560491760422,8.02451592648881e-05,-0.0106562735574007,0.0262978582227105,"elastic net"
"407",8,317,11,0.30763382436802,0.000356148198337227,0.273753049479127,0.337649434918587,"elastic net"
"408",8,318,1,0.0905050363261317,6.94282239086411e-05,0.0735063082367951,0.104753585046579,"elastic net"
"409",8,318,2,0.00125532086574109,8.22545488156448e-05,-0.0128980355123504,0.0202885536206469,"elastic net"
"410",8,318,3,0.0165439580496551,7.42663632319717e-05,0.0006651034229887,0.0368865606013277,"elastic net"
"411",8,318,4,-0.0176469299000481,9.28675390472647e-05,-0.0340812250261513,0.000841711175508783,"elastic net"
"412",8,318,5,0.185273254948078,9.05511163989782e-05,0.164760327206638,0.198997636501667,"elastic net"
"413",8,318,6,-0.00897303098396574,9.96453739083506e-05,-0.0325275563285506,0.00631147921413615,"elastic net"
"414",8,318,7,-0.0112994685418428,9.12617871240712e-05,-0.0285628587930688,0.00793337486490076,"elastic net"
"415",8,318,8,0.0137639682511255,9.22972851526153e-05,-0.00261738982321527,0.0319480814581072,"elastic net"
"416",8,318,9,0.0101355815866175,9.47983771063055e-05,-0.00734296347669557,0.026449093925119,"elastic net"
"417",8,318,10,-0.0207410696457893,7.59408455353708e-05,-0.0374594713803597,-0.00442125298534,"elastic net"
"418",8,318,11,0.258816620955704,0.000607244301313441,0.207984955370509,0.299015394598152,"elastic net"
"419",8,319,1,0.0948030269678184,0.00011598327114057,0.0783075236929036,0.119310222528732,"elastic net"
"420",8,319,2,0.00688179768409691,9.08517653850154e-05,-0.00983363373200346,0.024494084712215,"elastic net"
"421",8,319,3,0.00815587508997373,8.58061249652854e-05,-0.0117052938612099,0.0239141136428574,"elastic net"
"422",8,319,4,-0.013927070155114,6.45643185239988e-05,-0.0276797478104705,0.00230927059194384,"elastic net"
"423",8,319,5,0.179607629118746,8.89710801469795e-05,0.163634770404874,0.194996174631359,"elastic net"
"424",8,319,6,-0.00968579961613791,8.36519947498675e-05,-0.0272280854663707,0.00371105418434121,"elastic net"
"425",8,319,7,0.00925193184531548,0.000110104570049585,-0.00779192822485339,0.0307325766946703,"elastic net"
"426",8,319,8,-0.0136117971053444,0.000107694246805977,-0.0399147350384836,0.000459423484393739,"elastic net"
"427",8,319,9,0.0102718032523406,8.30234782520242e-05,-0.00540371469668509,0.0284216673408569,"elastic net"
"428",8,319,10,0.0119170348532722,9.55910312074327e-05,-0.00431942700216231,0.0301625249487217,"elastic net"
"429",8,319,11,0.283664431934967,0.0002955056698805,0.256124758907249,0.315965132290193,"elastic net"
"430",8,320,1,0.0969639404432208,7.83068879325382e-05,0.0798511870365882,0.114664062509526,"elastic net"
"431",8,320,2,0.00204406785568523,8.24181072194344e-05,-0.0132812163425002,0.0236866547092998,"elastic net"
"432",8,320,3,-0.000363271199281368,7.04649690820229e-05,-0.0172068236354016,0.0136055222718973,"elastic net"
"433",8,320,4,0.0247878791411069,7.84259010786191e-05,0.00759942008341321,0.0410680220095664,"elastic net"
"434",8,320,5,0.174255487024264,9.73647189980065e-05,0.156261202725088,0.190944164208382,"elastic net"
"435",8,320,6,-0.00108066128472029,6.34821004203306e-05,-0.0194613653258661,0.0109476510189117,"elastic net"
"436",8,320,7,0.00947933734765494,6.69381290554705e-05,-0.00311965024760255,0.027038903132955,"elastic net"
"437",8,320,8,0.0122424432298627,8.69443002992436e-05,-0.00425675184400377,0.0302760710580475,"elastic net"
"438",8,320,9,-0.0120460801328002,8.21632046420458e-05,-0.0302587142315302,0.00379659539267599,"elastic net"
"439",8,320,10,0.00590606180590081,5.25554173683538e-05,-0.00503904000342914,0.0200235670883264,"elastic net"
"440",8,320,11,0.312189204230893,0.000519514889745792,0.266413467670446,0.349175370956057,"elastic net"
"441",9,316,1,0.292047080635913,0.000121063192994493,0.270685768156917,0.312189249583669,"elastic net"
"442",9,316,2,0,0.000130047553562963,-0.0240351643987654,0.0237662175657387,"elastic net"
"443",9,316,3,0,0.000141820050124113,-0.0224844682413236,0.0204090966330826,"elastic net"
"444",9,316,4,-0.0198537704746893,0.000214777216760673,-0.045955573031038,0.00694889039337836,"elastic net"
"445",9,316,5,0.16520629477987,0.000207848188744954,0.138359551024395,0.190521846328277,"elastic net"
"446",9,316,6,0.0274516251230308,0.00021997862673028,0,0.0560899857752453,"elastic net"
"447",9,316,7,0.00345833966804809,0.000184713503687767,-0.0232260270528547,0.0295073217692725,"elastic net"
"448",9,316,8,-0.0222211906279344,0.000223408986084624,-0.0512938840483936,0,"elastic net"
"449",9,316,9,0,0.000171681037484956,-0.0288892728043175,0.0235944222095776,"elastic net"
"450",9,316,10,-0.00576496169733254,0.000168258968009836,-0.0291895244631505,0.0217060660159502,"elastic net"
"451",9,316,11,0.440323417406906,0.000162317864380934,0.41604500104482,0.464866673426162,"elastic net"
"452",9,317,1,0.287254825244421,0.000132807879195532,0.26706782907077,0.310660556391111,"elastic net"
"453",9,317,2,-0.00793384647375639,8.92113099449264e-05,-0.0235461022914606,0.00902910488880552,"elastic net"
"454",9,317,3,-0.0156050960194412,0.000169283595861205,-0.0399815213228525,0.00568044491717345,"elastic net"
"455",9,317,4,-0.00527665403665356,0.000174583436474715,-0.0325297191561811,0.0246713556521443,"elastic net"
"456",9,317,5,0.150794302122207,0.000249963963965101,0.121032626592202,0.179876841793996,"elastic net"
"457",9,317,6,0.0181667835731956,0.000211001036693681,-0.00434006450037275,0.0474992526413282,"elastic net"
"458",9,317,7,-0.0263655605495403,0.000238247664745018,-0.0600404070746133,-0.000733987892925779,"elastic net"
"459",9,317,8,0.0283711580643127,0.000246008751894019,0,0.057066490412889,"elastic net"
"460",9,317,9,-0.0247987349545449,0.000269159510283281,-0.0585195867803727,-0.00116287160334684,"elastic net"
"461",9,317,10,0.0388761527190185,0.000227182311850885,0.0107435960136101,0.0674578090585542,"elastic net"
"462",9,317,11,0.44348332968922,0.000197889692531492,0.420161189206317,0.475642411907788,"elastic net"
"463",9,318,1,0.257767804848246,0.000121250745684296,0.23741201931397,0.277605651686164,"elastic net"
"464",9,318,2,-0.00524971437147848,9.38671931635774e-05,-0.0269565437753538,0.0116343692247986,"elastic net"
"465",9,318,3,-0.0119891690230305,0.000205848306195114,-0.0453087638470069,0.00860057241942397,"elastic net"
"466",9,318,4,-0.00731753541410551,0.000186591453781188,-0.0326969910533175,0.0218209383449229,"elastic net"
"467",9,318,5,0.13488677232243,0.000238767094246507,0.110267140506796,0.165074941010779,"elastic net"
"468",9,318,6,0,0.000133902036851223,-0.0239141235459564,0.0225638314984519,"elastic net"
"469",9,318,7,0.0173679643777453,0.000175242174541264,-0.00202002461521743,0.0420467908348855,"elastic net"
"470",9,318,8,0,0.000155336908549383,-0.0228752849453423,0.0270373506238536,"elastic net"
"471",9,318,9,0.0241328227843955,0.000253094300574847,-0.000647911904825327,0.0553318147294248,"elastic net"
"472",9,318,10,-0.00516613012567202,0.000208375321640549,-0.0367687056127186,0.0193337788339604,"elastic net"
"473",9,318,11,0.40443281539853,0.000195562719816156,0.377212437088904,0.430055288171501,"elastic net"
"474",9,319,1,0.279732205361383,0.000116312205977826,0.257843627331059,0.301447108063073,"elastic net"
"475",9,319,2,-0.00626024224211896,0.000133139700873036,-0.0285330889004763,0.0135611629718702,"elastic net"
"476",9,319,3,0.0202282106765859,0.000258565138938018,-0.00218881262499828,0.060661600396812,"elastic net"
"477",9,319,4,0.00190321968749263,0.000133483056427504,-0.0203455132092169,0.0270363182654475,"elastic net"
"478",9,319,5,0.14823978724243,0.000190985533510671,0.122700008509135,0.170380790406424,"elastic net"
"479",9,319,6,-0.0162408487370671,0.000202523623757928,-0.0422296269216451,0.0128096150177301,"elastic net"
"480",9,319,7,-0.00474607639615954,0.000137802254360438,-0.0297592608048508,0.0162579520999225,"elastic net"
"481",9,319,8,0.0107398980740676,0.000241049825515738,-0.0192614155365502,0.0450562063508965,"elastic net"
"482",9,319,9,0.0120474604288514,0.000210895763682407,-0.01860599776361,0.037358978186136,"elastic net"
"483",9,319,10,-0.00990043931278439,0.000168236357539786,-0.0344016037359306,0.0189880344407714,"elastic net"
"484",9,319,11,0.435743174782681,0.000199276782853793,0.404009531315747,0.459748979678307,"elastic net"
"485",9,320,1,0.284756785555843,0.000139428845288049,0.26230102228875,0.310523554611396,"elastic net"
"486",9,320,2,-0.0164746516567389,0.000108028095093891,-0.0376280805633165,0,"elastic net"
"487",9,320,3,0,0.000213434795163294,-0.02410351791911,0.0264434466084488,"elastic net"
"488",9,320,4,-0.00887144990951905,0.000164566875341768,-0.035834024274752,0.0134577156173115,"elastic net"
"489",9,320,5,0.14608034614673,0.00027707913624617,0.117295626967797,0.181173901863357,"elastic net"
"490",9,320,6,-0.009694829434157,0.000209898748182673,-0.0377863447361111,0.0181794591663518,"elastic net"
"491",9,320,7,-0.000924001387741846,0.000201717718961541,-0.0325527210679441,0.0251819978352716,"elastic net"
"492",9,320,8,0.00103104381169272,0.000156128800640852,-0.0209276656582708,0.0260884007777235,"elastic net"
"493",9,320,9,0.0173827269311402,0.000193132021574497,-0.00622522991588305,0.0448870207927216,"elastic net"
"494",9,320,10,0.00778020316095862,0.000262785729721198,-0.0106631093882683,0.0404484028059158,"elastic net"
"495",9,320,11,0.421066173218208,0.00020687575736997,0.393810235095516,0.449133390346084,"elastic net"
"496",10,316,1,0.0903715800422251,0.000116530607446487,0.0691913618908541,0.108884940738911,"elastic net"
"497",10,316,2,-0.00530433721075729,0.000109618871140233,-0.0265067366244364,0.0159484284960166,"elastic net"
"498",10,316,3,0,0.000139533694274856,-0.0251271412197269,0.0230395502197822,"elastic net"
"499",10,316,4,0.00703644740934939,0.000160568077599466,-0.0165438408202102,0.0299867153807013,"elastic net"
"500",10,316,5,0.184470790875622,0.000177093157951338,0.157919161521713,0.212438098275867,"elastic net"
"501",10,316,6,-0.0121415497569881,0.000162748116554265,-0.0330935520087679,0.0115957789675638,"elastic net"
"502",10,316,7,0.00901836613364004,0.000210105418673272,-0.0192233913153608,0.037703050954294,"elastic net"
"503",10,316,8,0.0095155363222128,0.000179004414834454,-0.0202065649769311,0.0322291105410073,"elastic net"
"504",10,316,9,0.00111034406305599,0.000211758739055577,-0.0180389244832485,0.0344617589408226,"elastic net"
"505",10,316,10,-0.00395493185009199,0.000215111986443562,-0.0386833689689831,0.0201351171894287,"elastic net"
"506",10,316,11,0.280122246028268,0.000189240090020826,0.251252827803312,0.309403965701829,"elastic net"
"507",10,317,1,0.108217698422123,0.000129438165910273,0.0906846722732658,0.130767753141637,"elastic net"
"508",10,317,2,-0.00903993917443335,9.22301846946152e-05,-0.0264194348729185,0.00839657447909743,"elastic net"
"509",10,317,3,-0.0137838162980195,0.000170937142614535,-0.0430120605924783,0.00792131877686028,"elastic net"
"510",10,317,4,0,0.000226480805937644,-0.0326227667911684,0.0300040902398084,"elastic net"
"511",10,317,5,0.196963888402289,0.000203085262929283,0.167495282781256,0.221178385653712,"elastic net"
"512",10,317,6,-0.00509099736995555,0.000200390506911565,-0.0377793940197298,0.0197163022650358,"elastic net"
"513",10,317,7,0.00899824863995224,0.000180116740118917,-0.0144557234276177,0.0337610041307013,"elastic net"
"514",10,317,8,0,0.000177557050828906,-0.0214345993623385,0.0320863166763357,"elastic net"
"515",10,317,9,0.00851885941322683,0.000204304248889769,-0.0160221722809369,0.0379047265945863,"elastic net"
"516",10,317,10,-0.014619219204453,0.000222502050034847,-0.0453505950487736,0.0141587494901106,"elastic net"
"517",10,317,11,0.280164722830729,0.000152551145777717,0.258289914479639,0.306815825575163,"elastic net"
"518",10,318,1,0.0870443038063331,0.000113372850888724,0.0693048107088344,0.108244242667165,"elastic net"
"519",10,318,2,0.0206283733372139,0.000123762661313214,0,0.0437774131818432,"elastic net"
"520",10,318,3,-0.00739682503320971,0.000202595412904488,-0.0315040027009354,0.0207887473621974,"elastic net"
"521",10,318,4,0.00777462700525744,0.000200693007571109,-0.0209792820335787,0.0346050878886483,"elastic net"
"522",10,318,5,0.206943918418032,0.000181401857601629,0.181814734445306,0.236052970095874,"elastic net"
"523",10,318,6,0,0.000188399398589429,-0.0287589880244121,0.0255223122144352,"elastic net"
"524",10,318,7,-0.0133184356154747,0.000197942985252859,-0.0444758817023621,0.0098372957446922,"elastic net"
"525",10,318,8,0.00868077317507199,0.000136906407571719,-0.0155321022966503,0.0281255583721301,"elastic net"
"526",10,318,9,0.0041252112164063,0.000145868445545903,-0.0170473975994338,0.0311149128197327,"elastic net"
"527",10,318,10,-0.0147214095554178,0.00020518694199336,-0.0413198668447152,0.0132178674789173,"elastic net"
"528",10,318,11,0.299760536754213,0.000167043911654041,0.273195924666916,0.324742563228643,"elastic net"
"529",10,319,1,0.0858112733209642,9.1777414988195e-05,0.0696325182991325,0.104446961693201,"elastic net"
"530",10,319,2,-0.00424413367612031,0.00010869269246126,-0.0236559159508203,0.0160744061465923,"elastic net"
"531",10,319,3,0.0180486478885649,0.000117617451648939,0,0.0375986721719472,"elastic net"
"532",10,319,4,0.0207732957829774,0.000179027461573387,0,0.0499008798997957,"elastic net"
"533",10,319,5,0.167648156632534,0.000307331334916435,0.127492553456599,0.198935081278505,"elastic net"
"534",10,319,6,-0.00502258343864792,0.000125153106403352,-0.0254199556997397,0.0159081543432001,"elastic net"
"535",10,319,7,0.0125426678260241,0.000181872053266903,-0.00783671596838425,0.0414113473032734,"elastic net"
"536",10,319,8,0.0205751581114537,0.00020325157391455,-0.00364192183802294,0.0505665903003617,"elastic net"
"537",10,319,9,-0.0271666166834215,0.000205483045784462,-0.0504367364265847,0,"elastic net"
"538",10,319,10,0.0185555711377563,0.000205201804799212,-0.0121579651951189,0.0439901953210124,"elastic net"
"539",10,319,11,0.307521436902085,0.000156469998164055,0.279888581845124,0.329923185618946,"elastic net"
"540",10,320,1,0.0944434684130675,0.000121474768198961,0.0733213128033668,0.115562098620733,"elastic net"
"541",10,320,2,0.00406535291636789,0.000107662871831255,-0.0141755056210998,0.0246629905538361,"elastic net"
"542",10,320,3,-0.011174626129586,0.00017471851861287,-0.0407235735903579,0.0117934454795921,"elastic net"
"543",10,320,4,0.00196238157548123,0.000142931725950211,-0.0178975874092276,0.0258390863189522,"elastic net"
"544",10,320,5,0.189090400527461,0.000165544414154794,0.16554469728406,0.210397313679424,"elastic net"
"545",10,320,6,0.00292882952979756,0.000144100147645452,-0.0179375392181275,0.0290659959971248,"elastic net"
"546",10,320,7,0.00972418924828045,0.000171615394168879,-0.0131350037592684,0.0378116379171552,"elastic net"
"547",10,320,8,0.0184902739580046,0.000161445418263775,-0.00865931826417354,0.0398653665843181,"elastic net"
"548",10,320,9,0.00612326489507797,0.00017552714099229,-0.0171486237927768,0.0346201935701809,"elastic net"
"549",10,320,10,-0.0328464714230794,0.000243931224388316,-0.0711962310850242,-0.00724175197643807,"elastic net"
"550",10,320,11,0.282807063510872,0.000191074836562548,0.260004908135303,0.310310582100113,"elastic net"
